-- MariaDB dump 10.19  Distrib 10.4.32-MariaDB, for Win64 (AMD64)
--
-- Host: localhost    Database: mcms_db
-- ------------------------------------------------------
-- Server version	10.4.32-MariaDB

/*!40101 SET @OLD_CHARACTER_SET_CLIENT=@@CHARACTER_SET_CLIENT */;
/*!40101 SET @OLD_CHARACTER_SET_RESULTS=@@CHARACTER_SET_RESULTS */;
/*!40101 SET @OLD_COLLATION_CONNECTION=@@COLLATION_CONNECTION */;
/*!40101 SET NAMES utf8mb4 */;
/*!40103 SET @OLD_TIME_ZONE=@@TIME_ZONE */;
/*!40103 SET TIME_ZONE='+00:00' */;
/*!40014 SET @OLD_UNIQUE_CHECKS=@@UNIQUE_CHECKS, UNIQUE_CHECKS=0 */;
/*!40014 SET @OLD_FOREIGN_KEY_CHECKS=@@FOREIGN_KEY_CHECKS, FOREIGN_KEY_CHECKS=0 */;
/*!40101 SET @OLD_SQL_MODE=@@SQL_MODE, SQL_MODE='NO_AUTO_VALUE_ON_ZERO' */;
/*!40111 SET @OLD_SQL_NOTES=@@SQL_NOTES, SQL_NOTES=0 */;

--
-- Table structure for table `admins`
--

DROP TABLE IF EXISTS `admins`;
/*!40101 SET @saved_cs_client     = @@character_set_client */;
/*!40101 SET character_set_client = utf8 */;
CREATE TABLE `admins` (
  `id` int(11) NOT NULL AUTO_INCREMENT,
  `username` varchar(50) NOT NULL,
  `password_hash` varchar(255) NOT NULL,
  `name` varchar(100) NOT NULL DEFAULT 'Admin',
  `created_at` datetime DEFAULT current_timestamp(),
  PRIMARY KEY (`id`),
  UNIQUE KEY `username` (`username`)
) ENGINE=InnoDB AUTO_INCREMENT=3 DEFAULT CHARSET=utf8mb4 COLLATE=utf8mb4_general_ci;
/*!40101 SET character_set_client = @saved_cs_client */;

--
-- Dumping data for table `admins`
--

/*!40000 ALTER TABLE `admins` DISABLE KEYS */;
INSERT INTO `admins` VALUES (1,'18102024','$2y$10$xinMjTkvwA551wxEzJhOHufqTAdcsfVKHAcWatOm80q44LNVFr/3m','Chirinjibi Sir','2026-06-06 11:04:59'),(2,'subham','$2y$10$jwtDmmF2kLlfXQHVwEUlD.pBdgee8IvIyV8K7u4DF9IfJQUM37f2e','Subham Sir','2026-06-06 11:05:00');
/*!40000 ALTER TABLE `admins` ENABLE KEYS */;

--
-- Table structure for table `audit_logs`
--

DROP TABLE IF EXISTS `audit_logs`;
/*!40101 SET @saved_cs_client     = @@character_set_client */;
/*!40101 SET character_set_client = utf8 */;
CREATE TABLE `audit_logs` (
  `id` int(11) NOT NULL AUTO_INCREMENT,
  `admin_id` int(11) DEFAULT NULL,
  `action` varchar(50) NOT NULL,
  `target_entity` varchar(50) NOT NULL,
  `target_id` varchar(50) NOT NULL,
  `description` text DEFAULT NULL,
  `created_at` datetime DEFAULT current_timestamp(),
  PRIMARY KEY (`id`),
  KEY `idx_audit_admin` (`admin_id`),
  KEY `idx_audit_time` (`created_at`)
) ENGINE=InnoDB AUTO_INCREMENT=73 DEFAULT CHARSET=utf8mb4 COLLATE=utf8mb4_general_ci;
/*!40101 SET character_set_client = @saved_cs_client */;

--
-- Dumping data for table `audit_logs`
--

/*!40000 ALTER TABLE `audit_logs` DISABLE KEYS */;
INSERT INTO `audit_logs` VALUES (1,NULL,'UPDATE','settings','global','Updated settings keys: adminName','2026-06-23 13:03:27'),(2,NULL,'UPDATE','settings','global','Updated settings keys: adminName','2026-06-23 13:03:28'),(3,1,'CREATE','group','TGRP','Created group: TGRP (Test Class)','2026-06-23 13:03:28'),(4,1,'DELETE','group','TGRP','Deleted group: TGRP','2026-06-23 13:03:28'),(5,NULL,'UPDATE','settings','global','Updated settings keys: adminName','2026-06-23 13:03:40'),(6,NULL,'UPDATE','settings','global','Updated settings keys: adminName','2026-06-23 13:03:41'),(7,1,'CREATE','group','TGRP','Created group: TGRP (Test Class)','2026-06-23 13:03:41'),(8,1,'DELETE','group','TGRP','Deleted group: TGRP','2026-06-23 13:03:41'),(9,NULL,'UPDATE','settings','global','Updated settings keys: adminName','2026-06-23 13:03:57'),(10,NULL,'UPDATE','settings','global','Updated settings keys: adminName','2026-06-23 13:03:57'),(11,1,'CREATE','group','TGRP','Created group: TGRP (Test Class)','2026-06-23 13:03:57'),(12,1,'UPDATE','group','TGRP','Updated group: TGRP (Test Class Updated)','2026-06-23 13:03:57'),(13,1,'CREATE','student','TSTD','Created student: TSTD (Test Student)','2026-06-23 13:03:57'),(14,1,'UPDATE','student','TSTD','Updated student details: TSTD','2026-06-23 13:03:57'),(15,1,'DELETE','group','TGRP','Deleted group: TGRP','2026-06-23 13:03:57'),(16,NULL,'UPDATE','settings','global','Updated settings keys: adminName','2026-06-23 13:04:15'),(17,NULL,'UPDATE','settings','global','Updated settings keys: adminName','2026-06-23 13:04:15'),(18,1,'CREATE','group','TGRP','Created group: TGRP (Test Class)','2026-06-23 13:04:15'),(19,1,'UPDATE','group','TGRP','Updated group: TGRP (Test Class Updated)','2026-06-23 13:04:15'),(20,1,'CREATE','student','TSTD','Created student: TSTD (Test Student)','2026-06-23 13:04:15'),(21,1,'UPDATE','student','TSTD','Updated student details: TSTD','2026-06-23 13:04:15'),(22,1,'DELETE','receipt','TRCP-260623-01','Deleted receipt: TRCP-260623-01','2026-06-23 13:04:15'),(23,1,'DELETE','group','TGRP','Deleted group: TGRP','2026-06-23 13:04:15'),(24,NULL,'UPDATE','settings','global','Updated settings keys: adminName','2026-06-23 13:04:37'),(25,NULL,'UPDATE','settings','global','Updated settings keys: adminName','2026-06-23 13:04:37'),(26,1,'CREATE','group','TGRP','Created group: TGRP (Test Class)','2026-06-23 13:04:37'),(27,1,'UPDATE','group','TGRP','Updated group: TGRP (Test Class Updated)','2026-06-23 13:04:37'),(28,1,'CREATE','student','TSTD','Created student: TSTD (Test Student)','2026-06-23 13:04:37'),(29,1,'UPDATE','student','TSTD','Updated student details: TSTD','2026-06-23 13:04:37'),(30,1,'DELETE','receipt','TRCP-260623-01','Deleted receipt: TRCP-260623-01','2026-06-23 13:04:37'),(31,1,'DELETE','group','TGRP','Deleted group: TGRP','2026-06-23 13:04:37'),(32,1,'DELETE','student','A02','Soft deleted student: A02','2026-06-23 13:19:05'),(33,NULL,'UPDATE','settings','global','Updated settings keys: adminName','2026-06-23 13:21:11'),(34,NULL,'UPDATE','settings','global','Updated settings keys: adminName','2026-06-23 13:21:11'),(35,1,'CREATE','group','TGRP','Created group: TGRP (Test Class)','2026-06-23 13:21:11'),(36,1,'UPDATE','group','TGRP','Updated group: TGRP (Test Class Updated)','2026-06-23 13:21:11'),(37,1,'CREATE','student','TSTD','Created student: TSTD (Test Student)','2026-06-23 13:21:11'),(38,1,'UPDATE','student','TSTD','Updated student details: TSTD','2026-06-23 13:21:11'),(39,1,'DELETE','receipt','TRCP-260623-01','Deleted receipt: TRCP-260623-01','2026-06-23 13:21:11'),(40,1,'DELETE','group','TGRP','Deleted group: TGRP','2026-06-23 13:21:11'),(41,NULL,'UPDATE','settings','global','Updated settings keys: adminName','2026-06-23 13:25:52'),(42,NULL,'UPDATE','settings','global','Updated settings keys: adminName','2026-06-23 13:25:52'),(43,1,'CREATE','group','TGRP','Created group: TGRP (Test Class)','2026-06-23 13:25:52'),(44,1,'UPDATE','group','TGRP','Updated group: TGRP (Test Class Updated)','2026-06-23 13:25:52'),(45,1,'CREATE','student','TSTD','Created student: TSTD (Test Student)','2026-06-23 13:25:52'),(46,1,'UPDATE','student','TSTD','Updated student details: TSTD','2026-06-23 13:25:52'),(47,1,'DELETE','receipt','TRCP-260623-01','Deleted receipt: TRCP-260623-01','2026-06-23 13:25:52'),(48,1,'DELETE','group','TGRP','Deleted group: TGRP','2026-06-23 13:25:52'),(49,NULL,'UPDATE','settings','global','Updated settings keys: adminName','2026-06-23 13:30:03'),(50,NULL,'UPDATE','settings','global','Updated settings keys: adminName','2026-06-23 13:30:03'),(51,1,'CREATE','group','TGRP','Created group: TGRP (Test Class)','2026-06-23 13:30:03'),(52,1,'UPDATE','group','TGRP','Updated group: TGRP (Test Class Updated)','2026-06-23 13:30:03'),(53,1,'CREATE','student','TSTD','Created student: TSTD (Test Student)','2026-06-23 13:30:03'),(54,1,'UPDATE','student','TSTD','Updated student details: TSTD','2026-06-23 13:30:03'),(55,1,'DELETE','receipt','TRCP-260623-01','Deleted receipt: TRCP-260623-01','2026-06-23 13:30:03'),(56,1,'DELETE','group','TGRP','Deleted group: TGRP','2026-06-23 13:30:03'),(57,NULL,'UPDATE','settings','global','Updated settings keys: adminName','2026-06-23 14:09:31'),(58,NULL,'UPDATE','settings','global','Updated settings keys: adminName','2026-06-23 14:09:31'),(59,1,'CREATE','group','TGRP','Created group: TGRP (Test Class)','2026-06-23 14:09:31'),(60,1,'UPDATE','group','TGRP','Updated group: TGRP (Test Class Updated)','2026-06-23 14:09:31'),(61,1,'CREATE','student','TSTD','Created student: TSTD (Test Student)','2026-06-23 14:09:31'),(62,1,'UPDATE','student','TSTD','Updated student details: TSTD','2026-06-23 14:09:31'),(63,1,'DELETE','receipt','TRCP-260623-01','Deleted receipt: TRCP-260623-01','2026-06-23 14:09:31'),(64,1,'DELETE','group','TGRP','Deleted group: TGRP','2026-06-23 14:09:31'),(65,NULL,'UPDATE','settings','global','Updated settings keys: adminName','2026-06-23 14:13:58'),(66,NULL,'UPDATE','settings','global','Updated settings keys: adminName','2026-06-23 14:13:58'),(67,1,'CREATE','group','TGRP','Created group: TGRP (Test Class)','2026-06-23 14:13:58'),(68,1,'UPDATE','group','TGRP','Updated group: TGRP (Test Class Updated)','2026-06-23 14:13:58'),(69,1,'CREATE','student','TSTD','Created student: TSTD (Test Student)','2026-06-23 14:13:58'),(70,1,'UPDATE','student','TSTD','Updated student details: TSTD','2026-06-23 14:13:58'),(71,1,'DELETE','receipt','TRCP-260623-01','Deleted receipt: TRCP-260623-01','2026-06-23 14:13:58'),(72,1,'DELETE','group','TGRP','Deleted group: TGRP','2026-06-23 14:13:58');
/*!40000 ALTER TABLE `audit_logs` ENABLE KEYS */;

--
-- Table structure for table `groups`
--

DROP TABLE IF EXISTS `groups`;
/*!40101 SET @saved_cs_client     = @@character_set_client */;
/*!40101 SET character_set_client = utf8 */;
CREATE TABLE `groups` (
  `id` varchar(10) NOT NULL,
  `class` varchar(100) NOT NULL,
  `timing` varchar(100) DEFAULT '',
  `category` enum('Junior','Senior') NOT NULL DEFAULT 'Junior',
  PRIMARY KEY (`id`)
) ENGINE=InnoDB DEFAULT CHARSET=utf8mb4 COLLATE=utf8mb4_general_ci;
/*!40101 SET character_set_client = @saved_cs_client */;

--
-- Dumping data for table `groups`
--

/*!40000 ALTER TABLE `groups` DISABLE KEYS */;
INSERT INTO `groups` VALUES ('A','6th & 7th','Mon, Wed','Senior'),('B','10th','Tue, Thu','Senior'),('C','5th','Mon, Wed','Junior'),('D','9th','Tue, Thu','Senior'),('E','7th & 8th','Mon, Wed','Senior'),('F','3rd & 4th','Tue, Thu','Junior'),('G','10th','Mon, Wed','Senior'),('H','9th','Tue, Thu','Senior'),('I','8th','Mon, Wed','Senior'),('J','7th','Tue, Thu','Senior'),('K','2nd & 3rd','Mon, Wed','Junior');
/*!40000 ALTER TABLE `groups` ENABLE KEYS */;

--
-- Table structure for table `login_attempts`
--

DROP TABLE IF EXISTS `login_attempts`;
/*!40101 SET @saved_cs_client     = @@character_set_client */;
/*!40101 SET character_set_client = utf8 */;
CREATE TABLE `login_attempts` (
  `id` int(11) NOT NULL AUTO_INCREMENT,
  `ip_address` varchar(45) NOT NULL,
  `username` varchar(50) NOT NULL,
  `attempted_at` datetime DEFAULT current_timestamp(),
  PRIMARY KEY (`id`),
  KEY `idx_ip_time` (`ip_address`,`attempted_at`)
) ENGINE=InnoDB AUTO_INCREMENT=12 DEFAULT CHARSET=utf8mb4 COLLATE=utf8mb4_general_ci;
/*!40101 SET character_set_client = @saved_cs_client */;

--
-- Dumping data for table `login_attempts`
--

/*!40000 ALTER TABLE `login_attempts` DISABLE KEYS */;
/*!40000 ALTER TABLE `login_attempts` ENABLE KEYS */;

--
-- Table structure for table `receipts`
--

DROP TABLE IF EXISTS `receipts`;
/*!40101 SET @saved_cs_client     = @@character_set_client */;
/*!40101 SET character_set_client = utf8 */;
CREATE TABLE `receipts` (
  `id` varchar(20) NOT NULL,
  `student_id` varchar(10) DEFAULT NULL,
  `student_name` varchar(100) NOT NULL,
  `category` enum('Junior','Senior') NOT NULL,
  `class` varchar(50) DEFAULT '',
  `school` varchar(100) DEFAULT '',
  `fee_per_month` int(11) NOT NULL,
  `period` varchar(50) NOT NULL,
  `months` text NOT NULL COMMENT 'JSON array of month codes',
  `amt_paid` int(11) NOT NULL DEFAULT 0,
  `prev_due` int(11) NOT NULL DEFAULT 0,
  `total_recv` int(11) NOT NULL DEFAULT 0,
  `remaining_amount` int(11) NOT NULL DEFAULT 0,
  `remaining_months` varchar(100) DEFAULT NULL,
  `next_due` varchar(100) DEFAULT '',
  `notes` text DEFAULT '',
  `generated_on` datetime DEFAULT current_timestamp(),
  `generated_by` varchar(50) DEFAULT 'Admin',
  `academic_year` varchar(10) NOT NULL DEFAULT '2026-27',
  PRIMARY KEY (`id`),
  KEY `idx_receipts_student` (`student_id`),
  KEY `idx_receipts_generated` (`generated_on`),
  CONSTRAINT `fk_receipt_student` FOREIGN KEY (`student_id`) REFERENCES `students` (`id`) ON DELETE SET NULL ON UPDATE CASCADE
) ENGINE=InnoDB DEFAULT CHARSET=utf8mb4 COLLATE=utf8mb4_general_ci;
/*!40101 SET character_set_client = @saved_cs_client */;

--
-- Dumping data for table `receipts`
--

/*!40000 ALTER TABLE `receipts` DISABLE KEYS */;
INSERT INTO `receipts` VALUES ('JR-260301-09CE','F07','Riyan Sahoo','Junior','4th','KIIT',1000,'Mar 26 – May 26','[\"MAR\",\"APR\",\"MAY\"]',3000,0,3000,0,NULL,'','','2026-03-01 12:00:00','Admin','2026-27'),('JR-260301-0F1B','F12','Priyanshi Das','Junior','3rd','St.Xaviar',1000,'Mar 26 – May 26','[\"MAR\",\"APR\",\"MAY\"]',3000,0,3000,0,NULL,'','','2026-03-01 12:00:00','Admin','2026-27'),('JR-260301-17E6','F01','Aditya Soren','Junior','4th','KV-3',1000,'Mar 26 – May 26','[\"MAR\",\"APR\",\"MAY\"]',3000,0,3000,0,NULL,'','','2026-03-01 12:00:00','Admin','2026-27'),('JR-260301-1974','C09','Sahil Kumar Sahoo','Junior','5th','FBS',1000,'Mar 26 – May 26','[\"MAR\",\"APR\",\"MAY\"]',3000,0,3000,0,NULL,'','','2026-03-01 12:00:00','Admin','2026-27'),('JR-260301-247A','F08','Sushree Sanaya Rout','Junior','4th','ODM',1000,'Mar 26 – May 26','[\"MAR\",\"APR\",\"MAY\"]',3000,0,3000,0,NULL,'','','2026-03-01 12:00:00','Admin','2026-27'),('JR-260301-3542','F13','Reyansh Nayak','Junior','4th','KV-4',1000,'Mar 26 – May 26','[\"MAR\",\"APR\",\"MAY\"]',3000,0,3000,0,NULL,'','','2026-03-01 12:00:00','Admin','2026-27'),('JR-260301-49B2','F05','Tapas Pahadsing','Junior','3th','DAV',1000,'Mar 26 – May 26','[\"MAR\",\"APR\",\"MAY\"]',3000,0,3000,0,NULL,'','','2026-03-01 12:00:00','Admin','2026-27'),('JR-260301-6A5E','F06','Karan Sahu','Junior','4th','KV-4',1000,'Mar 26 – Jun 26','[\"MAR\",\"APR\",\"JUN\"]',3000,0,3000,0,NULL,'','','2026-03-01 12:00:00','Admin','2026-27'),('JR-260301-7591','F04','Anwesha Sahoo','Junior','4th','KPS',1000,'Mar 26 – May 26','[\"MAR\",\"APR\",\"MAY\"]',3000,0,3000,0,NULL,'','','2026-03-01 12:00:00','Admin','2026-27'),('JR-260301-8B0C','F11','Saiansh Biswal','Junior','3rd','DAV',1000,'Mar 26 – May 26','[\"MAR\",\"APR\",\"MAY\"]',3000,0,3000,0,NULL,'','','2026-03-01 12:00:00','Admin','2026-27'),('JR-260301-96B4','F02','Divya Debasish Sethy','Junior','4th','KV-3',1000,'Mar 26 – May 26','[\"MAR\",\"APR\",\"MAY\"]',3000,0,3000,0,NULL,'','','2026-03-01 12:00:00','Admin','2026-27'),('JR-260301-9CCC','F09','Adyasha Pradhan','Junior','4th','KV-3',1000,'Mar 26 – May 26','[\"MAR\",\"APR\",\"MAY\"]',3000,0,3000,0,NULL,'','','2026-03-01 12:00:00','Admin','2026-27'),('JR-260301-AFCA','C07','Shreyansh Kumar Yadav','Junior','4rd','KPS',1000,'Mar 26','[\"MAR\"]',1000,0,1000,0,NULL,'','','2026-03-01 12:00:00','Admin','2026-27'),('JR-260301-B915','C04','Ashrita Swain','Junior','5th','VEMS',1000,'Mar 26 – May 26','[\"MAR\",\"APR\",\"MAY\"]',3000,0,3000,0,NULL,'','','2026-03-01 12:00:00','Admin','2026-27'),('JR-260301-C539','C08','Subham Kumar Dalai','Junior','5th','DAV',1000,'Mar 26 – May 26','[\"MAR\",\"APR\",\"MAY\"]',3000,0,3000,0,NULL,'','','2026-03-01 12:00:00','Admin','2026-27'),('JR-260301-CDFD','F10','Birabhadra Das','Junior','4th','KV -3',1000,'Mar 26 – May 26','[\"MAR\",\"APR\",\"MAY\"]',3000,0,3000,0,NULL,'','','2026-03-01 12:00:00','Admin','2026-27'),('JR-260301-CFBA','C01','Sanchit Narayan Sahoo','Junior','5th','VEMS',1000,'Mar 26 – May 26','[\"MAR\",\"APR\",\"MAY\"]',3000,0,3000,0,NULL,'','','2026-03-01 12:00:00','Admin','2026-27'),('JR-260301-D981','C05','Shriyanshi Priyadarsini','Junior','5th','DAV',1000,'Mar 26 – May 26','[\"MAR\",\"APR\",\"MAY\"]',3000,0,3000,0,NULL,'','','2026-03-01 12:00:00','Admin','2026-27'),('JR-260301-D9CA','C03','Laxmi Priya Pradhan','Junior','5th','KV-4',1000,'Mar 26 – May 26','[\"MAR\",\"APR\",\"MAY\"]',3000,0,3000,0,NULL,'','','2026-03-01 12:00:00','Admin','2026-27'),('JR-260301-E464','C02','Aditi Das','Junior','5th','KV -4',1000,'Mar 26 – May 26','[\"MAR\",\"APR\",\"MAY\"]',3000,0,3000,0,NULL,'','','2026-03-01 12:00:00','Admin','2026-27'),('JR-260301-F8DF','F03','Avilipsa Sahoo','Junior','4th','KV-4',1000,'Mar 26 – May 26','[\"MAR\",\"APR\",\"MAY\"]',3000,0,3000,0,NULL,'','','2026-03-01 12:00:00','Admin','2026-27'),('JR-260401-1552','K03','Sai Nishant Nayak','Junior','3rd','DAV',1000,'Apr 26 – Jun 26','[\"APR\",\"MAY\",\"JUN\"]',3000,0,3000,0,NULL,'','','2026-04-01 12:00:00','Admin','2026-27'),('JR-260401-1D4D','K05','Tanwesha Moharana','Junior','3rd','DAV',1000,'Apr 26 – May 26','[\"APR\",\"MAY\"]',2000,0,2000,0,NULL,'','','2026-04-01 12:00:00','Admin','2026-27'),('JR-260401-2B1B','F15','Adhira Anaika','Junior','4th','SAI',1000,'Apr 26 – Jun 26','[\"APR\",\"MAY\",\"JUN\"]',3000,0,3000,0,NULL,'','','2026-04-01 12:00:00','Admin','2026-27'),('JR-260401-3308','K01','Subhangi Samal','Junior','3rd','DAV',1000,'Apr 26 – Jun 26','[\"APR\",\"MAY\",\"JUN\"]',3000,0,3000,0,NULL,'','','2026-04-01 12:00:00','Admin','2026-27'),('JR-260401-33DA','F19','Dibyansh Pani','Junior','4th','DAV',1000,'Apr 26 – May 26','[\"APR\",\"MAY\"]',2000,0,2000,0,NULL,'','','2026-04-01 12:00:00','Admin','2026-27'),('JR-260401-3BF5','F17','Reeyansh Roshan','Junior','4th','Narayana',1000,'Apr 26 – May 26','[\"APR\",\"MAY\"]',2000,0,2000,0,NULL,'','','2026-04-01 12:00:00','Admin','2026-27'),('JR-260401-415F','K04','Dibyansh Sahoo','Junior','2nd','ODM',1000,'Apr 26 – Jun 26','[\"APR\",\"MAY\",\"JUN\"]',3000,0,3000,0,NULL,'','','2026-04-01 12:00:00','Admin','2026-27'),('JR-260401-4766','K09','Baibhabi Priyadarshini Behera','Junior','3rd','SAI',1000,'Apr 26 – Jun 26','[\"APR\",\"MAY\",\"JUN\"]',3000,0,3000,0,NULL,'','','2026-04-01 12:00:00','Admin','2026-27'),('JR-260401-4A56','C11','Aayansh Bal','Junior','4th','ODM',1000,'Apr 26 – Jun 26','[\"APR\",\"MAY\",\"JUN\"]',3000,0,3000,0,NULL,'','','2026-04-01 12:00:00','Admin','2026-27'),('JR-260401-5E1B','K02','Adyant Singh','Junior','3rd','DAV',1000,'Apr 26 – Jun 26','[\"APR\",\"MAY\",\"JUN\"]',3000,0,3000,0,NULL,'','','2026-04-01 12:00:00','Admin','2026-27'),('JR-260401-67A3','F14','Saanvi Preyanshi','Junior','4th','SAI',1000,'Apr 26 – Jun 26','[\"APR\",\"MAY\",\"JUN\"]',3000,0,3000,0,NULL,'','','2026-04-01 12:00:00','Admin','2026-27'),('JR-260401-7DD2','K06','Lokesh Mahakud','Junior','3rd','KV-3',1000,'Apr 26 – Jun 26','[\"APR\",\"MAY\",\"JUN\"]',3000,0,3000,0,NULL,'','','2026-04-01 12:00:00','Admin','2026-27'),('JR-260401-8169','C12','Asmit Mishra','Junior','5th','DAV',1000,'Apr 26 – May 26','[\"APR\",\"MAY\"]',2000,0,2000,0,NULL,'','','2026-04-01 12:00:00','Admin','2026-27'),('JR-260401-8801','C10','Aaditri Sharma','Junior','4th','SAI',1000,'Apr 26 – May 26','[\"APR\",\"MAY\"]',2000,0,2000,0,NULL,'','','2026-04-01 12:00:00','Admin','2026-27'),('JR-260401-AF9A','F16','Nirmalya Panda','Junior','4th','FBS',1000,'Apr 26 – Jun 26','[\"APR\",\"MAY\",\"JUN\"]',3000,0,3000,0,NULL,'','','2026-04-01 12:00:00','Admin','2026-27'),('JR-260501-3961','F18','Saswat Das','Junior','4th','FBS',1000,'May 26 – Jun 26','[\"MAY\",\"JUN\"]',2000,0,2000,0,NULL,'','','2026-05-01 12:00:00','Admin','2026-27'),('JR-260501-5DA9','C06','Rudransh Sahoo','Junior','5th','SAI',1000,'May 26 – Jul 26','[\"MAY\",\"JUN\",\"JUL\"]',3000,0,3000,0,NULL,'','','2026-05-01 12:00:00','Admin','2026-27'),('JR-260501-76E0','F20','Samaaya Sahu','Junior','4th','SAI',1000,'May 26 – Jul 26','[\"MAY\",\"JUN\",\"JUL\"]',3000,0,3000,0,NULL,'','','2026-05-01 12:00:00','Admin','2026-27'),('JR-260501-86CF','C14','Shrihaan Das','Junior','4th','SAI',1000,'May 26 – Jul 26','[\"MAY\",\"JUN\",\"JUL\"]',3000,0,3000,0,NULL,'','','2026-05-01 12:00:00','Admin','2026-27'),('JR-260501-BBE1','C13','Samit Sourav Sahoo','Junior','4th','DAV',1000,'May 26 – Jul 26','[\"MAY\",\"JUN\",\"JUL\"]',3000,0,3000,0,NULL,'','','2026-05-01 12:00:00','Admin','2026-27'),('JR-260601-049C','C05','Shriyanshi Priyadarsini','Junior','5th','DAV',1000,'Jun 26 – Aug 26','[\"JUN\",\"JUL\",\"AUG\"]',3000,0,3000,0,NULL,'','','2026-06-01 12:00:00','Admin','2026-27'),('JR-260601-2DEE','F11','Saiansh Biswal','Junior','3rd','DAV',1000,'Jun 26','[\"JUN\"]',1000,0,1000,0,NULL,'','','2026-06-01 12:00:00','Admin','2026-27'),('JR-260601-2E7E','K07','Priyanshu Prusti','Junior','3rd','DAV',1000,'Jun 26 – Aug 26','[\"JUN\",\"JUL\",\"AUG\"]',3000,0,3000,0,NULL,'','','2026-06-01 12:00:00','Admin','2026-27'),('JR-260601-6AB9','K10','Aryan Pradhan','Junior','3rd','DAV',1000,'Jun 26 – Aug 26','[\"JUN\",\"JUL\",\"AUG\"]',3000,0,3000,0,NULL,'','','2026-06-01 12:00:00','Admin','2026-27'),('JR-260601-7F65','F05','Tapas Pahadsing','Junior','3th','DAV',1000,'Jun 26 – Aug 26','[\"JUN\",\"JUL\",\"AUG\"]',3000,0,3000,0,NULL,'','','2026-06-01 12:00:00','Admin','2026-27'),('JR-260601-8977','C04','Ashrita Swain','Junior','5th','VEMS',1000,'Jun 26','[\"JUN\"]',1000,0,1000,0,NULL,'','','2026-06-01 12:00:00','Admin','2026-27'),('JR-260601-8ABB','F09','Adyasha Pradhan','Junior','4th','KV-3',1000,'Jun 26 – Aug 26','[\"JUN\",\"JUL\",\"AUG\"]',3000,0,3000,0,NULL,'','','2026-06-01 12:00:00','Admin','2026-27'),('JR-260601-8E89','C02','Aditi Das','Junior','5th','KV -4',1000,'Jun 26 – Aug 26','[\"JUN\",\"JUL\",\"AUG\"]',3000,0,3000,0,NULL,'','','2026-06-01 12:00:00','Admin','2026-27'),('JR-260601-995A','F13','Reyansh Nayak','Junior','4th','KV-4',1000,'Jun 26 – Aug 26','[\"JUN\",\"JUL\",\"AUG\"]',3000,0,3000,0,NULL,'','','2026-06-01 12:00:00','Admin','2026-27'),('JR-260601-A050','F01','Aditya Soren','Junior','4th','KV-3',1000,'Jun 26 – Aug 26','[\"JUN\",\"JUL\",\"AUG\"]',3000,0,3000,0,NULL,'','','2026-06-01 12:00:00','Admin','2026-27'),('JR-260601-D51B','F02','Divya Debasish Sethy','Junior','4th','KV-3',1000,'Jun 26 – Aug 26','[\"JUN\",\"JUL\",\"AUG\"]',3000,0,3000,0,NULL,'','','2026-06-01 12:00:00','Admin','2026-27'),('JR-260601-DD23','C09','Sahil Kumar Sahoo','Junior','5th','FBS',1000,'Jun 26','[\"JUN\"]',1000,0,1000,0,NULL,'','','2026-06-01 12:00:00','Admin','2026-27'),('JR-260601-DEA2','F03','Avilipsa Sahoo','Junior','4th','KV-4',1000,'Jun 26 – Aug 26','[\"JUN\",\"JUL\",\"AUG\"]',3000,0,3000,0,NULL,'','','2026-06-01 12:00:00','Admin','2026-27'),('JR-260601-E97F','F07','Riyan Sahoo','Junior','4th','KIIT',1000,'Jun 26 – Aug 26','[\"JUN\",\"JUL\",\"AUG\"]',3000,0,3000,0,NULL,'','','2026-06-01 12:00:00','Admin','2026-27'),('JR-260601-ED36','F10','Birabhadra Das','Junior','4th','KV -3',1000,'Jun 26 – Aug 26','[\"JUN\",\"JUL\",\"AUG\"]',3000,0,3000,0,NULL,'','','2026-06-01 12:00:00','Admin','2026-27'),('JR-260601-F115','F04','Anwesha Sahoo','Junior','4th','KPS',1000,'Jun 26 – Aug 26','[\"JUN\",\"JUL\",\"AUG\"]',3000,0,3000,0,NULL,'','','2026-06-01 12:00:00','Admin','2026-27'),('JR-260601-F44E','C01','Sanchit Narayan Sahoo','Junior','5th','VEMS',1000,'Jun 26 – Jul 26','[\"JUN\",\"JUL\"]',2000,0,2000,0,NULL,'','','2026-06-01 12:00:00','Admin','2026-27'),('JR-260701-698E','F15','Adhira Anaika','Junior','4th','SAI',1000,'Jul 26 – Aug 26','[\"JUL\",\"AUG\"]',2000,0,2000,0,NULL,'','','2026-07-01 12:00:00','Admin','2026-27'),('JR-260701-8A18','F16','Nirmalya Panda','Junior','4th','FBS',1000,'Jul 26 – Aug 26','[\"JUL\",\"AUG\"]',2000,0,2000,0,NULL,'','','2026-07-01 12:00:00','Admin','2026-27'),('JR-260701-A71F','F06','Karan Sahu','Junior','4th','KV-4',1000,'Jul 26 – Aug 26','[\"JUL\",\"AUG\"]',2000,0,2000,0,NULL,'','','2026-07-01 12:00:00','Admin','2026-27'),('JR-260701-BB1F','K11','Aradhya Jena','Junior','3rd','DAV',1000,'Jul 26 – Sep 26','[\"JUL\",\"AUG\",\"SEP\"]',3000,0,3000,0,NULL,'','','2026-07-01 12:00:00','Admin','2026-27'),('JR-260701-BBAA','F14','Saanvi Preyanshi','Junior','4th','SAI',1000,'Jul 26 – Aug 26','[\"JUL\",\"AUG\"]',2000,0,2000,0,NULL,'','','2026-07-01 12:00:00','Admin','2026-27'),('JR-260701-F694','C11','Aayansh Bal','Junior','4th','ODM',1000,'Jul 26 – Aug 26','[\"JUL\",\"AUG\"]',2000,0,2000,0,NULL,'','','2026-07-01 12:00:00','Admin','2026-27'),('JR-260701-FC94','K04','Dibyansh Sahoo','Junior','2nd','ODM',1000,'Jul 26 – Aug 26','[\"JUL\",\"AUG\"]',2000,0,2000,0,NULL,'','','2026-07-01 12:00:00','Admin','2026-27'),('JR-260701-FDB8','K06','Lokesh Mahakud','Junior','3rd','KV-3',1000,'Jul 26 – Aug 26','[\"JUL\",\"AUG\"]',2000,0,2000,0,NULL,'','','2026-07-01 12:00:00','Admin','2026-27'),('SR-260301-0435','I05','Jeet Mallick','Senior','8th','DAV',1000,'Mar 26 – May 26','[\"MAR\",\"APR\",\"MAY\"]',3000,0,3000,0,NULL,'','','2026-03-01 12:00:00','Admin','2026-27'),('SR-260301-0EFE','A11','Pranjal Ram','Senior','6th','ODM',1000,'Mar 26 – May 26','[\"MAR\",\"APR\",\"MAY\"]',3000,0,3000,0,NULL,'','','2026-03-01 12:00:00','Admin','2026-27'),('SR-260301-2484','A04','Subhasmita Mallik','Senior','7th','ODM',1000,'Mar 26 – May 26','[\"MAR\",\"APR\",\"MAY\"]',3000,0,3000,0,NULL,'','','2026-03-01 12:00:00','Admin','2026-27'),('SR-260301-2A98','J02','Biswaswarup Patra','Senior','7th','VEMS',1000,'Mar 26 – May 26','[\"MAR\",\"APR\",\"MAY\"]',3000,0,3000,0,NULL,'','','2026-03-01 12:00:00','Admin','2026-27'),('SR-260301-3752','A09','Sibansi Behera','Senior','6th','ODM',1000,'Mar 26 – May 26','[\"MAR\",\"APR\",\"MAY\"]',3000,0,3000,0,NULL,'','','2026-03-01 12:00:00','Admin','2026-27'),('SR-260301-3A94','D03','Shreeja Rout','Senior','9th','SAI',1000,'Mar 26 – May 26','[\"MAR\",\"APR\",\"MAY\"]',3000,0,3000,0,NULL,'','','2026-03-01 12:00:00','Admin','2026-27'),('SR-260301-484C','D04','Sonakshi Das','Senior','9th','SAI',1000,'Mar 26 – May 26','[\"MAR\",\"APR\",\"MAY\"]',3000,0,3000,0,NULL,'','','2026-03-01 12:00:00','Admin','2026-27'),('SR-260301-4E5B','D02','Samyak Sahoo','Senior','9th','ODM',1000,'Mar 26 – May 26','[\"MAR\",\"APR\",\"MAY\"]',3000,0,3000,0,NULL,'','','2026-03-01 12:00:00','Admin','2026-27'),('SR-260301-5219','I04','Biswajit Behera','Senior','8th','DAV',1000,'Mar 26 – May 26','[\"MAR\",\"APR\",\"MAY\"]',3000,0,3000,0,NULL,'','','2026-03-01 12:00:00','Admin','2026-27'),('SR-260301-5962','H02','Baranbhavaya','Senior','9th','St.Xavier',1000,'Mar 26 – May 26','[\"MAR\",\"APR\",\"MAY\"]',3000,0,3000,0,NULL,'','','2026-03-01 12:00:00','Admin','2026-27'),('SR-260301-5AE6','E01','Aradhya Sahoo','Senior','8th','FBS',1000,'Mar 26 – May 26','[\"MAR\",\"APR\",\"MAY\"]',3000,0,3000,0,NULL,'','','2026-03-01 12:00:00','Admin','2026-27'),('SR-260301-666C','A03','Shreyash Nayak','Senior','7th','SAI',1000,'Mar 26 – May 26','[\"MAR\",\"APR\",\"MAY\"]',3000,0,3000,0,NULL,'','','2026-03-01 12:00:00','Admin','2026-27'),('SR-260301-809D','J05','Pulak Sudam Murmu','Senior','7th','DAV',1000,'Mar 26 – May 26','[\"MAR\",\"APR\",\"MAY\"]',3000,0,3000,0,NULL,'','','2026-03-01 12:00:00','Admin','2026-27'),('SR-260301-80A5','A10','Soumya Priyadarshi Beura','Senior','6th','DAV',1000,'Mar 26 – May 26','[\"MAR\",\"APR\",\"MAY\"]',3000,0,3000,0,NULL,'','','2026-03-01 12:00:00','Admin','2026-27'),('SR-260301-825B','A07','Sai Satwak Sahoo','Senior','6th','LOYOLA',1000,'Mar 26 – May 26','[\"MAR\",\"APR\",\"MAY\"]',3000,0,3000,0,NULL,'','','2026-03-01 12:00:00','Admin','2026-27'),('SR-260301-925E','G01','Sonakshi Ojha','Senior','10th','DAV',1000,'Mar 26 – May 26','[\"MAR\",\"APR\",\"MAY\"]',3000,0,3000,0,NULL,'','','2026-03-01 12:00:00','Admin','2026-27'),('SR-260301-A368','A08','Pratyush Kumar Khuntia','Senior','6th','KV-4',1000,'Mar 26 – May 26','[\"MAR\",\"APR\",\"MAY\"]',3000,0,3000,0,NULL,'','','2026-03-01 12:00:00','Admin','2026-27'),('SR-260301-AC77','J06','Aravya Ayushman','Senior','7th','DAV',1000,'Mar 26 – May 26','[\"MAR\",\"APR\",\"MAY\"]',3000,0,3000,0,NULL,'','','2026-03-01 12:00:00','Admin','2026-27'),('SR-260301-C082','A19','Debanshi Dash','Senior','7th','ODM',1000,'Mar 26 – May 26','[\"MAR\",\"APR\",\"MAY\"]',3000,0,3000,0,NULL,'','','2026-03-01 12:00:00','Admin','2026-27'),('SR-260301-CB96','A05','Adarsh Muduli','Senior','7th','ODM',1000,'Mar 26 – May 26','[\"MAR\",\"APR\",\"MAY\"]',3000,0,3000,0,NULL,'','','2026-03-01 12:00:00','Admin','2026-27'),('SR-260301-D771','A06','Omsai Krishna Pradhan','Senior','6th','ODM',1000,'Mar 26 – May 26','[\"MAR\",\"APR\",\"MAY\"]',3000,0,3000,0,NULL,'','','2026-03-01 12:00:00','Admin','2026-27'),('SR-260301-DD8C','E02','Dibyansha Nayak','Senior','8th','FBS',1000,'Mar 26 – May 26','[\"MAR\",\"APR\",\"MAY\"]',3000,0,3000,0,NULL,'','','2026-03-01 12:00:00','Admin','2026-27'),('SR-260301-E2F1','H01','Ayush Majumdar','Senior','9th','NETS',1000,'Mar 26 – May 26','[\"MAR\",\"APR\",\"MAY\"]',3000,0,3000,0,NULL,'','','2026-03-01 12:00:00','Admin','2026-27'),('SR-260301-EC20','J04','Tanmay Jain','Senior','7th','DAV',1000,'Mar 26 – May 26','[\"MAR\",\"APR\",\"MAY\"]',3000,0,3000,0,NULL,'','','2026-03-01 12:00:00','Admin','2026-27'),('SR-260301-EDBA','J03','Sai Subham Bhola','Senior','7th','VEMS',1000,'Mar 26 – May 26','[\"MAR\",\"APR\",\"MAY\"]',3000,0,3000,0,NULL,'','','2026-03-01 12:00:00','Admin','2026-27'),('SR-260301-F47F','I02','Benoy Bhabjeet','Senior','8th','PEMS',1000,'Mar 26 – May 26','[\"MAR\",\"APR\",\"MAY\"]',3000,0,3000,0,NULL,'','','2026-03-01 12:00:00','Admin','2026-27'),('SR-260301-F9D5','E04','Sai Subhalaxmi Behera','Senior','8th','FBS',1000,'Mar 26 – May 26','[\"MAR\",\"APR\",\"MAY\"]',3000,0,3000,0,NULL,'','','2026-03-01 12:00:00','Admin','2026-27'),('SR-260401-0DD5','J11','Brojesh Sahoo','Senior','7th','KV - 4',1000,'Apr 26 – May 26','[\"APR\",\"MAY\"]',2000,0,2000,0,NULL,'','','2026-04-01 12:00:00','Admin','2026-27'),('SR-260401-1473','I06','Adyasha Gouda','Senior','8th','ODM',1000,'Apr 26 – May 26','[\"APR\",\"MAY\"]',2000,0,2000,0,NULL,'','','2026-04-01 12:00:00','Admin','2026-27'),('SR-260401-1580','E07','Shambhavi Moharana','Senior','7th','KV',1000,'Apr 26 – Jun 26','[\"APR\",\"MAY\",\"JUN\"]',3000,0,3000,0,NULL,'','','2026-04-01 12:00:00','Admin','2026-27'),('SR-260401-3377','B02','Bibhukrupa Biswal','Senior','10th','ODM',1000,'Apr 26 – Jun 26','[\"APR\",\"MAY\",\"JUN\"]',3000,0,3000,0,NULL,'','','2026-04-01 12:00:00','Admin','2026-27'),('SR-260401-35CC','J12','Bidwan Raj Pothal','Senior','7th','VEMS',1000,'Apr 26 – Jun 26','[\"APR\",\"MAY\",\"JUN\"]',3000,0,3000,0,NULL,'','','2026-04-01 12:00:00','Admin','2026-27'),('SR-260401-3670','B01','Anshuman Rath','Senior','10th','ODM',1000,'Apr 26 – Jun 26','[\"APR\",\"MAY\",\"JUN\"]',3000,0,3000,0,NULL,'','','2026-04-01 12:00:00','Admin','2026-27'),('SR-260401-3AF6','A16','Ananya Das','Senior','7th','ODM',1000,'Apr 26 – Jun 26','[\"APR\",\"MAY\",\"JUN\"]',3000,0,3000,0,NULL,'','','2026-04-01 12:00:00','Admin','2026-27'),('SR-260401-43D9','G02','Samiksha Swain','Senior','10th','DAV',1000,'Apr 26 – Jun 26','[\"APR\",\"MAY\",\"JUN\"]',3000,0,3000,0,NULL,'','','2026-04-01 12:00:00','Admin','2026-27'),('SR-260401-4D79','B04','Snehal Kumar Sahoo','Senior','10th','FBS',1000,'Apr 26 – Jun 26','[\"APR\",\"MAY\",\"JUN\"]',3000,0,3000,0,NULL,'','','2026-04-01 12:00:00','Admin','2026-27'),('SR-260401-6163','H04','Jyoti Prakash Nayak','Senior','9th','ODM',1000,'Apr 26 – Jun 26','[\"APR\",\"MAY\",\"JUN\"]',3000,0,3000,0,NULL,'','','2026-04-01 12:00:00','Admin','2026-27'),('SR-260401-6555','J08','Sai Sourjit Lenka','Senior','7th','KV - 4',1000,'Apr 26 – Jun 26','[\"APR\",\"MAY\",\"JUN\"]',3000,0,3000,0,NULL,'','','2026-04-01 12:00:00','Admin','2026-27'),('SR-260401-742E','J14','Subhransu Subham','Senior','7th','VEMS',1000,'Apr 26 – Jun 26','[\"APR\",\"MAY\",\"JUN\"]',3000,0,3000,0,NULL,'','','2026-04-01 12:00:00','Admin','2026-27'),('SR-260401-755F','B05','Swastik Dhal','Senior','10th','KV',1000,'Apr 26 – Jun 26','[\"APR\",\"MAY\",\"JUN\"]',3000,0,3000,0,NULL,'','','2026-04-01 12:00:00','Admin','2026-27'),('SR-260401-7F85','E05','Bhagyalaxmi Prusty','Senior','8th','NETS',1000,'Apr 26','[\"APR\"]',1000,0,1000,0,NULL,'','','2026-04-01 12:00:00','Admin','2026-27'),('SR-260401-909F','H03','Bapun Das','Senior','9th','ODM',1000,'Apr 26 – Jun 26','[\"APR\",\"MAY\",\"JUN\"]',3000,0,3000,0,NULL,'','','2026-04-01 12:00:00','Admin','2026-27'),('SR-260401-9F54','G04','Swadhin Sekhar Dalai','Senior','10th','DAV',1000,'Apr 26 – Jun 26','[\"APR\",\"MAY\",\"JUN\"]',3000,0,3000,0,NULL,'','','2026-04-01 12:00:00','Admin','2026-27'),('SR-260401-A45D','B07','Ipshita Mohalik','Senior','10th','KV',1000,'Apr 26 – Jun 26','[\"APR\",\"MAY\",\"JUN\"]',3000,0,3000,0,NULL,'','','2026-04-01 12:00:00','Admin','2026-27'),('SR-260401-AEFF','E06','Ishita Manna','Senior','7th','FBS',1000,'Apr 26 – May 26','[\"APR\",\"MAY\"]',2000,0,2000,0,NULL,'','','2026-04-01 12:00:00','Admin','2026-27'),('SR-260401-AF88','B06','Satyabrata Pradhan','Senior','10th','KV',1000,'Apr 26 – Jun 26','[\"APR\",\"MAY\",\"JUN\"]',3000,0,3000,0,NULL,'','','2026-04-01 12:00:00','Admin','2026-27'),('SR-260401-B0A0','G06','Krishendu Panda','Senior','10th','DAV',1000,'Apr 26 – Jun 26','[\"APR\",\"MAY\",\"JUN\"]',3000,0,3000,0,NULL,'','','2026-04-01 12:00:00','Admin','2026-27'),('SR-260401-BFD7','A14','Arnav Satpathy','Senior','6th','Mount Litera',1000,'Apr 26 – Jun 26','[\"APR\",\"MAY\",\"JUN\"]',3000,0,3000,0,NULL,'','','2026-04-01 12:00:00','Admin','2026-27'),('SR-260401-C32C','A12','Arman Ray','Senior','7th','ODM',1000,'Apr 26 – Jun 26','[\"APR\",\"MAY\",\"JUN\"]',3000,0,3000,0,NULL,'','','2026-04-01 12:00:00','Admin','2026-27'),('SR-260401-C8CD','J09','Swastic Ranjan Mallick','Senior','7th','KV - 4',1000,'Apr 26 – Jun 26','[\"APR\",\"MAY\",\"JUN\"]',3000,0,3000,0,NULL,'','','2026-04-01 12:00:00','Admin','2026-27'),('SR-260401-D4E6','E03','Jashith Bhuyan','Senior','7th','FBS',1000,'Apr 26 – May 26','[\"APR\",\"MAY\"]',2000,0,2000,0,NULL,'','','2026-04-01 12:00:00','Admin','2026-27'),('SR-260401-E143','G05','Dibyanshi Mishra','Senior','10th','DAV',1000,'Apr 26 – Jun 26','[\"APR\",\"MAY\",\"JUN\"]',3000,0,3000,0,NULL,'','','2026-04-01 12:00:00','Admin','2026-27'),('SR-260401-E940','G03','Adyasha Mohanty','Senior','10th','DAV',1000,'Apr 26 – Jun 26','[\"APR\",\"MAY\",\"JUN\"]',3000,0,3000,0,NULL,'','','2026-04-01 12:00:00','Admin','2026-27'),('SR-260401-EFF0','J10','Shreyansh Mishra','Senior','7th','FBS',1000,'Apr 26 – Jun 26','[\"APR\",\"MAY\",\"JUN\"]',3000,0,3000,0,NULL,'','','2026-04-01 12:00:00','Admin','2026-27'),('SR-260401-F032','B03','Sai Akshyat Boitai','Senior','10th','ODM',1000,'Apr 26 – Jun 26','[\"APR\",\"MAY\",\"JUN\"]',3000,0,3000,0,NULL,'','','2026-04-01 12:00:00','Admin','2026-27'),('SR-260401-F620','J01','Bidisha Priyadarshni','Senior','7th','KV - 4',1000,'Apr 26 – Jun 26','[\"APR\",\"MAY\",\"JUN\"]',3000,0,3000,0,NULL,'','','2026-04-01 12:00:00','Admin','2026-27'),('SR-260501-0648','B10','Asmit Pradhan','Senior','10th','Narayana',1000,'May 26 – Jul 26','[\"MAY\",\"JUN\",\"JUL\"]',3000,0,3000,0,NULL,'','','2026-05-01 12:00:00','Admin','2026-27'),('SR-260501-1442','A01','Pratha Mohapatra','Senior','6th','LOYOLA',1000,'May 26 – Jul 26','[\"MAY\",\"JUN\",\"JUL\"]',3000,0,3000,0,NULL,'','','2026-05-01 12:00:00','Admin','2026-27'),('SR-260501-20EC','B11','Subhankar Behera','Senior','10th','KV',1000,'May 26 – Jul 26','[\"MAY\",\"JUN\",\"JUL\"]',3000,0,3000,0,NULL,'','','2026-05-01 12:00:00','Admin','2026-27'),('SR-260501-4546','I01','Sahil Jena','Senior','8th','ODM',1000,'May 26 – Jul 26','[\"MAY\",\"JUN\",\"JUL\"]',3000,0,3000,0,NULL,'','','2026-05-01 12:00:00','Admin','2026-27'),('SR-260501-47E8','B08','Parthasavathi Giri','Senior','10th','ODM',1000,'May 26 – Jul 26','[\"MAY\",\"JUN\",\"JUL\"]',3000,0,3000,0,NULL,'','','2026-05-01 12:00:00','Admin','2026-27'),('SR-260501-5A9D','A15','Tanmay Samal','Senior','6th','ODM',1000,'May 26 – Jul 26','[\"MAY\",\"JUN\",\"JUL\"]',3000,0,3000,0,NULL,'','','2026-05-01 12:00:00','Admin','2026-27'),('SR-260501-97AE','I08','Rituraj Sethi','Senior','8th','ODM',1000,'May 26 – Jul 26','[\"MAY\",\"JUN\",\"JUL\"]',3000,0,3000,0,NULL,'','','2026-05-01 12:00:00','Admin','2026-27'),('SR-260501-AA06','J15','Nirjhara Sahoo','Senior','7th','DAV',1000,'May 26 – Jul 26','[\"MAY\",\"JUN\",\"JUL\"]',3000,0,3000,0,NULL,'','','2026-05-01 12:00:00','Admin','2026-27'),('SR-260501-B0FE','I07','Lipun Sethi','Senior','8th','ODM',1000,'May 26 – Jul 26','[\"MAY\",\"JUN\",\"JUL\"]',3000,0,3000,0,NULL,'','','2026-05-01 12:00:00','Admin','2026-27'),('SR-260501-BFE8','A02','Soumyaashree Sahu','Senior','6th','KV-1',1000,'May 26 – Jul 26','[\"MAY\",\"JUN\",\"JUL\"]',3000,0,3000,0,NULL,'','','2026-05-01 12:00:00','Admin','2026-27'),('SR-260501-C2C4','D01','Shreelagna Panda','Senior','9th','KIIT',1000,'May 26 – Jul 26','[\"MAY\",\"JUN\",\"JUL\"]',3000,0,3000,0,NULL,'','','2026-05-01 12:00:00','Admin','2026-27'),('SR-260501-D2DD','B09','Omswaroop Lenka','Senior','10th','ODM',1000,'May 26 – Jul 26','[\"MAY\",\"JUN\",\"JUL\"]',3000,0,3000,0,NULL,'','','2026-05-01 12:00:00','Admin','2026-27'),('SR-260501-DEEA','A17','Simrens Sahoo','Senior','7th','St.xavier',1000,'May 26 – Jul 26','[\"MAY\",\"JUN\",\"JUL\"]',3000,0,3000,0,NULL,'','','2026-05-01 12:00:00','Admin','2026-27'),('SR-260601-1001','A10','Soumya Priyadarshi Beura','Senior','6th','DAV',1000,'Jun 26 – Aug 26','[\"JUN\",\"JUL\",\"AUG\"]',3000,0,3000,0,NULL,'','','2026-06-01 12:00:00','Admin','2026-27'),('SR-260601-1BE8','D04','Sonakshi Das','Senior','9th','SAI',1000,'Jun 26','[\"JUN\"]',1000,0,1000,0,NULL,'','','2026-06-01 12:00:00','Admin','2026-27'),('SR-260601-1DAF','E01','Aradhya Sahoo','Senior','8th','FBS',1000,'Jun 26 – Aug 26','[\"JUN\",\"JUL\",\"AUG\"]',3000,0,3000,0,NULL,'','','2026-06-01 12:00:00','Admin','2026-27'),('SR-260601-2293','J06','Aravya Ayushman','Senior','7th','DAV',1000,'Jun 26 – Aug 26','[\"JUN\",\"JUL\",\"AUG\"]',3000,0,3000,0,NULL,'','','2026-06-01 12:00:00','Admin','2026-27'),('SR-260601-3678','J02','Biswaswarup Patra','Senior','7th','VEMS',1000,'Jun 26 – Aug 26','[\"JUN\",\"JUL\",\"AUG\"]',3000,0,3000,0,NULL,'','','2026-06-01 12:00:00','Admin','2026-27'),('SR-260601-39EF','H01','Ayush Majumdar','Senior','9th','NETS',1000,'Jun 26 – Jul 26','[\"JUN\",\"JUL\"]',2000,0,2000,0,NULL,'','','2026-06-01 12:00:00','Admin','2026-27'),('SR-260601-4156','A13','Samiksha Behera','Senior','7th','ODM',1000,'Jun 26 – Aug 26','[\"JUN\",\"JUL\",\"AUG\"]',3000,0,3000,0,NULL,'','','2026-06-01 12:00:00','Admin','2026-27'),('SR-260601-492B','D03','Shreeja Rout','Senior','9th','SAI',1000,'Jun 26 – Jul 26','[\"JUN\",\"JUL\"]',2000,0,2000,0,NULL,'','','2026-06-01 12:00:00','Admin','2026-27'),('SR-260601-5B32','A19','Debanshi Dash','Senior','7th','ODM',1000,'Jun 26','[\"JUN\"]',1000,0,1000,0,NULL,'','','2026-06-01 12:00:00','Admin','2026-27'),('SR-260601-62B8','I05','Jeet Mallick','Senior','8th','DAV',1000,'Jun 26 – Aug 26','[\"JUN\",\"JUL\",\"AUG\"]',3000,0,3000,0,NULL,'','','2026-06-01 12:00:00','Admin','2026-27'),('SR-260601-6EB9','A05','Adarsh Muduli','Senior','7th','ODM',1000,'Jun 26 – Aug 26','[\"JUN\",\"JUL\",\"AUG\"]',3000,0,3000,0,NULL,'','','2026-06-01 12:00:00','Admin','2026-27'),('SR-260601-7089','A11','Pranjal Ram','Senior','6th','ODM',1000,'Jun 26 – Aug 26','[\"JUN\",\"JUL\",\"AUG\"]',3000,0,3000,0,NULL,'','','2026-06-01 12:00:00','Admin','2026-27'),('SR-260601-84FC','A08','Pratyush Kumar Khuntia','Senior','6th','KV-4',1000,'Jun 26 – Jul 26','[\"JUN\",\"JUL\"]',2000,0,2000,0,NULL,'','','2026-06-01 12:00:00','Admin','2026-27'),('SR-260601-9655','H02','Baranbhavaya','Senior','9th','St.Xavier',1000,'Jun 26 – Jul 26','[\"JUN\",\"JUL\"]',2000,0,2000,0,NULL,'','','2026-06-01 12:00:00','Admin','2026-27'),('SR-260601-9785','A03','Shreyash Nayak','Senior','7th','SAI',1000,'Jun 26 – Aug 26','[\"JUN\",\"JUL\",\"AUG\"]',3000,0,3000,0,NULL,'','','2026-06-01 12:00:00','Admin','2026-27'),('SR-260601-9C7E','A18','Saanvi Mohanty','Senior','6th','ODM',1000,'Jun 26 – Aug 26','[\"JUN\",\"JUL\",\"AUG\"]',3000,0,3000,0,NULL,'','','2026-06-01 12:00:00','Admin','2026-27'),('SR-260601-9CC2','I04','Biswajit Behera','Senior','8th','DAV',1000,'Jun 26 – Aug 26','[\"JUN\",\"JUL\",\"AUG\"]',3000,0,3000,0,NULL,'','','2026-06-01 12:00:00','Admin','2026-27'),('SR-260601-ABCA','A04','Subhasmita Mallik','Senior','7th','ODM',1000,'Jun 26 – Aug 26','[\"JUN\",\"JUL\",\"AUG\"]',3000,0,3000,0,NULL,'','','2026-06-01 12:00:00','Admin','2026-27'),('SR-260601-BB44','E04','Sai Subhalaxmi Behera','Senior','8th','FBS',1000,'Jun 26','[\"JUN\"]',1000,0,1000,0,NULL,'','','2026-06-01 12:00:00','Admin','2026-27'),('SR-260601-CCFC','G01','Sonakshi Ojha','Senior','10th','DAV',1000,'Jun 26 – Aug 26','[\"JUN\",\"JUL\",\"AUG\"]',3000,0,3000,0,NULL,'','','2026-06-01 12:00:00','Admin','2026-27'),('SR-260601-DD15','J03','Sai Subham Bhola','Senior','7th','VEMS',1000,'Jun 26 – Aug 26','[\"JUN\",\"JUL\",\"AUG\"]',3000,0,3000,0,NULL,'','','2026-06-01 12:00:00','Admin','2026-27'),('SR-260601-E08E','E02','Dibyansha Nayak','Senior','8th','FBS',1000,'Jun 26 – Aug 26','[\"JUN\",\"JUL\",\"AUG\"]',3000,0,3000,0,NULL,'','','2026-06-01 12:00:00','Admin','2026-27'),('SR-260601-E2AC','A06','Omsai Krishna Pradhan','Senior','6th','ODM',1000,'Jun 26 – Aug 26','[\"JUN\",\"JUL\",\"AUG\"]',3000,0,3000,0,NULL,'','','2026-06-01 12:00:00','Admin','2026-27'),('SR-260601-F6C9','A07','Sai Satwak Sahoo','Senior','6th','LOYOLA',1000,'Jun 26 – Aug 26','[\"JUN\",\"JUL\",\"AUG\"]',3000,0,3000,0,NULL,'','','2026-06-01 12:00:00','Admin','2026-27'),('SR-260701-1DB6','J14','Subhransu Subham','Senior','7th','VEMS',1000,'Jul 26 – Aug 26','[\"JUL\",\"AUG\"]',2000,0,2000,0,NULL,'','','2026-07-01 12:00:00','Admin','2026-27'),('SR-260701-1E30','B01','Anshuman Rath','Senior','10th','ODM',1000,'Jul 26 – Sep 26','[\"JUL\",\"AUG\",\"SEP\"]',3000,0,3000,0,NULL,'','','2026-07-01 12:00:00','Admin','2026-27'),('SR-260701-1EF6','A14','Arnav Satpathy','Senior','6th','Mount Litera',1000,'Jul 26 – Aug 26','[\"JUL\",\"AUG\"]',2000,0,2000,0,NULL,'','','2026-07-01 12:00:00','Admin','2026-27'),('SR-260701-228D','E08','Sahil Guru','Senior','8th','VEMS',1000,'Jul 26 – Sep 26','[\"JUL\",\"AUG\",\"SEP\"]',3000,0,3000,0,NULL,'','','2026-07-01 12:00:00','Admin','2026-27'),('SR-260701-3599','B05','Swastik Dhal','Senior','10th','KV',1000,'Jul 26 – Sep 26','[\"JUL\",\"AUG\",\"SEP\"]',3000,0,3000,0,NULL,'','','2026-07-01 12:00:00','Admin','2026-27'),('SR-260701-3BC4','B02','Bibhukrupa Biswal','Senior','10th','ODM',1000,'Jul 26 – Sep 26','[\"JUL\",\"AUG\",\"SEP\"]',3000,0,3000,0,NULL,'','','2026-07-01 12:00:00','Admin','2026-27'),('SR-260701-7B16','G04','Swadhin Sekhar Dalai','Senior','10th','DAV',1000,'Jul 26 – Sep 26','[\"JUL\",\"AUG\",\"SEP\"]',3000,0,3000,0,NULL,'','','2026-07-01 12:00:00','Admin','2026-27'),('SR-260701-7BF1','G06','Krishendu Panda','Senior','10th','DAV',1000,'Jul 26 – Sep 26','[\"JUL\",\"AUG\",\"SEP\"]',3000,0,3000,0,NULL,'','','2026-07-01 12:00:00','Admin','2026-27'),('SR-260701-8E66','G02','Samiksha Swain','Senior','10th','DAV',1000,'Jul 26 – Sep 26','[\"JUL\",\"AUG\",\"SEP\"]',3000,0,3000,0,NULL,'','','2026-07-01 12:00:00','Admin','2026-27'),('SR-260701-B254','B07','Ipshita Mohalik','Senior','10th','KV',1000,'Jul 26 – Sep 26','[\"JUL\",\"AUG\",\"SEP\"]',3000,0,3000,0,NULL,'','','2026-07-01 12:00:00','Admin','2026-27'),('SR-260701-BE1B','G05','Dibyanshi Mishra','Senior','10th','DAV',1000,'Jul 26 – Sep 26','[\"JUL\",\"AUG\",\"SEP\"]',3000,0,3000,0,NULL,'','','2026-07-01 12:00:00','Admin','2026-27'),('SR-260701-C6E0','H04','Jyoti Prakash Nayak','Senior','9th','ODM',1000,'Jul 26 – Aug 26','[\"JUL\",\"AUG\"]',2000,0,2000,0,NULL,'','','2026-07-01 12:00:00','Admin','2026-27'),('SR-260701-CDFE','B03','Sai Akshyat Boitai','Senior','10th','ODM',1000,'Jul 26 – Sep 26','[\"JUL\",\"AUG\",\"SEP\"]',3000,0,3000,0,NULL,'','','2026-07-01 12:00:00','Admin','2026-27'),('SR-260701-D732','J08','Sai Sourjit Lenka','Senior','7th','KV - 4',1000,'Jul 26 – Aug 26','[\"JUL\",\"AUG\"]',2000,0,2000,0,NULL,'','','2026-07-01 12:00:00','Admin','2026-27'),('SR-260701-EBA0','B04','Snehal Kumar Sahoo','Senior','10th','FBS',1000,'Jul 26 – Sep 26','[\"JUL\",\"AUG\",\"SEP\"]',3000,0,3000,0,NULL,'','','2026-07-01 12:00:00','Admin','2026-27'),('SR-260701-F61F','A12','Arman Ray','Senior','7th','ODM',1000,'Jul 26 – Aug 26','[\"JUL\",\"AUG\"]',2000,0,2000,0,NULL,'','','2026-07-01 12:00:00','Admin','2026-27'),('SR-260701-F8D2','J09','Swastic Ranjan Mallick','Senior','7th','KV - 4',1000,'Jul 26 – Aug 26','[\"JUL\",\"AUG\"]',2000,0,2000,0,NULL,'','','2026-07-01 12:00:00','Admin','2026-27'),('SR-260801-377F','B11','Subhankar Behera','Senior','10th','KV',1000,'Aug 26 – Oct 26','[\"AUG\",\"SEP\",\"OCT\"]',3000,0,3000,0,NULL,'','','2026-08-01 12:00:00','Admin','2026-27'),('SR-260801-C49A','B09','Omswaroop Lenka','Senior','10th','ODM',1000,'Aug 26 – Oct 26','[\"AUG\",\"SEP\",\"OCT\"]',3000,0,3000,0,NULL,'','','2026-08-01 12:00:00','Admin','2026-27'),('SR-260801-EA89','B10','Asmit Pradhan','Senior','10th','Narayana',1000,'Aug 26 – Oct 26','[\"AUG\",\"SEP\",\"OCT\"]',3000,0,3000,0,NULL,'','','2026-08-01 12:00:00','Admin','2026-27'),('SR-260801-FB5A','A02','Soumyaashree Sahu','Senior','6th','KV-1',1000,'Aug 26','[\"AUG\"]',1000,0,1000,0,NULL,'','','2026-08-01 12:00:00','Admin','2026-27'),('SR-261101-7518','B10','Asmit Pradhan','Senior','10th','Narayana',1000,'Nov 26','[\"NOV\"]',1000,0,1000,0,NULL,'','','2026-11-01 12:00:00','Admin','2026-27');
/*!40000 ALTER TABLE `receipts` ENABLE KEYS */;

--
-- Table structure for table `settings`
--

DROP TABLE IF EXISTS `settings`;
/*!40101 SET @saved_cs_client     = @@character_set_client */;
/*!40101 SET character_set_client = utf8 */;
CREATE TABLE `settings` (
  `setting_key` varchar(50) NOT NULL,
  `setting_value` text NOT NULL,
  PRIMARY KEY (`setting_key`)
) ENGINE=InnoDB DEFAULT CHARSET=utf8mb4 COLLATE=utf8mb4_general_ci;
/*!40101 SET character_set_client = @saved_cs_client */;

--
-- Dumping data for table `settings`
--

/*!40000 ALTER TABLE `settings` DISABLE KEYS */;
INSERT INTO `settings` VALUES ('academicYear','2026-27'),('activeMonths','MAR,APR,MAY,JUN,JUL,AUG,SEP,OCT,NOV,DEC,JAN,FEB'),('address','Duplex-37, In front of DAV School, Sailashree Vihar, Bhubaneswar'),('adminName','Chirinjibi Sir'),('feeJunior','1000'),('feeSenior','1000'),('instagram','@englishwithchiranjibisir'),('instituteName','EnglishJibi Classes'),('phone1','+91 8328922917'),('phone2','+91 7735812335'),('teacherName','Chirinjibi Sir');
/*!40000 ALTER TABLE `settings` ENABLE KEYS */;

--
-- Table structure for table `students`
--

DROP TABLE IF EXISTS `students`;
/*!40101 SET @saved_cs_client     = @@character_set_client */;
/*!40101 SET character_set_client = utf8 */;
CREATE TABLE `students` (
  `id` varchar(10) NOT NULL,
  `name` varchar(100) NOT NULL,
  `category` enum('Junior','Senior') NOT NULL,
  `group_id` varchar(10) DEFAULT NULL,
  `class` varchar(50) DEFAULT '',
  `school` varchar(100) DEFAULT '',
  `contact_no` varchar(15) DEFAULT '',
  `father_no` varchar(15) DEFAULT '',
  `mother_no` varchar(15) DEFAULT '',
  `adm_date` date NOT NULL,
  `dob` date DEFAULT NULL,
  `fee_per_month` int(11) NOT NULL DEFAULT 700,
  `notes` text DEFAULT NULL,
  `created_at` datetime DEFAULT current_timestamp(),
  `updated_at` datetime DEFAULT current_timestamp(),
  `deleted_at` datetime DEFAULT NULL,
  PRIMARY KEY (`id`),
  KEY `fk_student_group` (`group_id`),
  KEY `idx_students_deleted` (`deleted_at`),
  CONSTRAINT `fk_student_group` FOREIGN KEY (`group_id`) REFERENCES `groups` (`id`) ON DELETE SET NULL ON UPDATE CASCADE
) ENGINE=InnoDB DEFAULT CHARSET=utf8mb4 COLLATE=utf8mb4_general_ci;
/*!40101 SET character_set_client = @saved_cs_client */;

--
-- Dumping data for table `students`
--

/*!40000 ALTER TABLE `students` DISABLE KEYS */;
INSERT INTO `students` VALUES ('A01','Pratha Mohapatra','Senior','A','6th','LOYOLA','NIL','9439726343','8455885842','2026-05-01','2014-09-01',1000,'','2026-06-23 10:53:47','2026-06-23 10:53:47',NULL),('A02','Soumyaashree Sahu','Senior','A','6th','KV-1','NIL','9853383848','NIL','2026-05-01','2015-05-12',1000,'','2026-06-23 10:53:47','2026-06-23 10:53:47',NULL),('A03','Shreyash Nayak','Senior','A','7th','SAI','NIL','9439003300','7735994388','2026-03-01','2014-01-18',1000,'','2026-06-23 10:53:47','2026-06-23 10:53:47',NULL),('A04','Subhasmita Mallik','Senior','A','7th','ODM','7978433794','9438306170','6372081330','2026-03-01','2013-09-12',1000,'','2026-06-23 10:53:47','2026-06-23 10:53:47',NULL),('A05','Adarsh Muduli','Senior','A','7th','ODM','NIL','7328073270','8249048756','2026-03-01','2014-05-18',1000,'','2026-06-23 10:53:47','2026-06-23 10:53:47',NULL),('A06','Omsai Krishna Pradhan','Senior','A','6th','ODM','NIL','NIL','6281828164','2026-03-01','2015-08-19',1000,'','2026-06-23 10:53:47','2026-06-23 10:53:47',NULL),('A07','Sai Satwak Sahoo','Senior','A','6th','LOYOLA','NIL','7873394996','8249016138','2026-03-01','2015-04-08',1000,'','2026-06-23 10:53:47','2026-06-23 10:53:47',NULL),('A08','Pratyush Kumar Khuntia','Senior','A','6th','KV-4','NIL','9438118904','8458082230','2026-03-01','2015-10-02',1000,'','2026-06-23 10:53:47','2026-06-23 10:53:47',NULL),('A09','Sibansi Behera','Senior','A','6th','ODM','NIL','7749013157','898410169','2026-03-01','2015-08-24',1000,'','2026-06-23 10:53:47','2026-06-23 10:53:47',NULL),('A10','Soumya Priyadarshi Beura','Senior','A','6th','DAV','NIL','9337876275','8908615519','2026-03-01','2014-06-14',1000,'','2026-06-23 10:53:47','2026-06-23 10:53:47',NULL),('A11','Pranjal Ram','Senior','A','6th','ODM','NIL','8108700422','9167165081','2026-03-01','2014-08-29',1000,'','2026-06-23 10:53:47','2026-06-23 10:53:47',NULL),('A12','Arman Ray','Senior','A','7th','ODM','9853000234','9853000234','7873555104','2026-04-01','2014-03-16',1000,'','2026-06-23 10:53:47','2026-06-23 10:53:47',NULL),('A13','Samiksha Behera','Senior','A','7th','ODM','9438732879','9438066366','9438732879','2026-05-02','2013-12-17',1000,'','2026-06-23 10:53:47','2026-06-23 10:53:47',NULL),('A14','Arnav Satpathy','Senior','A','6th','Mount Litera','9348645239','8692883386','9348645239','2026-04-01','2014-01-04',1000,'','2026-06-23 10:53:47','2026-06-23 10:53:47',NULL),('A15','Tanmay Samal','Senior','A','6th','ODM','NIL','993866119','7077082759','2026-05-01','2015-07-15',1000,'','2026-06-23 10:53:47','2026-06-23 10:53:47',NULL),('A16','Ananya Das','Senior','A','7th','ODM','NIL','NIL','8249836183','2026-07-01','2014-05-04',1000,'','2026-06-23 10:53:47','2026-06-23 10:53:47',NULL),('A17','Simrens Sahoo','Senior','A','7th','St.xavier','NIL','7008867580','7008794924','2026-05-01','2014-08-05',1000,'','2026-06-23 10:53:47','2026-06-23 10:53:47',NULL),('A18','Saanvi Mohanty','Senior','A','6th','ODM','NIL','7718832275','9886576155','2026-06-01','2015-01-01',1000,'','2026-06-23 10:53:47','2026-06-23 10:53:47',NULL),('A19','Debanshi Dash','Senior','J','7th','ODM','NIL','9861012179','9338757592','2025-04-01','2014-10-14',1000,'','2026-06-23 10:53:47','2026-06-23 10:53:47',NULL),('B01','Anshuman Rath','Senior','B','10th','ODM','NIL','1501894329','7978131667','2026-04-01','2010-10-24',1000,'','2026-06-23 10:53:47','2026-06-23 10:53:47',NULL),('B02','Bibhukrupa Biswal','Senior','B','10th','ODM','NIL','9692036236','9348089248','2026-04-01','2010-11-15',1000,'','2026-06-23 10:53:47','2026-06-23 10:53:47',NULL),('B03','Sai Akshyat Boitai','Senior','B','10th','ODM','NIL','9986872531','7204553015','2026-04-01','2011-05-06',1000,'','2026-06-23 10:53:47','2026-06-23 10:53:47',NULL),('B04','Snehal Kumar Sahoo','Senior','B','10th','FBS','NIL','9937179958','9937849333','2026-04-01','2012-01-01',1000,'','2026-06-23 10:53:47','2026-06-23 10:53:47',NULL),('B05','Swastik Dhal','Senior','B','10th','KV','NIL','7008257051','9438675123','2026-04-01','2012-03-13',1000,'','2026-06-23 10:53:47','2026-06-23 10:53:47',NULL),('B06','Satyabrata Pradhan','Senior','B','10th','KV','NIL','9439047907','9437347525','2026-04-01','2011-07-01',1000,'','2026-06-23 10:53:47','2026-06-23 10:53:47',NULL),('B07','Ipshita Mohalik','Senior','B','10th','KV','NIL','9776432655','9937884275','2026-01-04','2011-11-20',1000,'','2026-06-23 10:53:47','2026-06-23 10:53:47',NULL),('B08','Parthasavathi Giri','Senior','B','10th','ODM','NIL','6371161373','7873335777','2026-05-01','2012-01-16',1000,'','2026-06-23 10:53:47','2026-06-23 10:53:47',NULL),('B09','Omswaroop Lenka','Senior','B','10th','ODM','9302878007','8758404855','7016307346','2026-05-01','2011-05-05',1000,'','2026-06-23 10:53:47','2026-06-23 10:53:47',NULL),('B10','Asmit Pradhan','Senior','B','10th','Narayana','7684879249','8895876805','7684879249','2026-05-01','2010-10-18',1000,'','2026-06-23 10:53:47','2026-06-23 10:53:47',NULL),('B11','Subhankar Behera','Senior','B','10th','KV','NIL','9338394277','9577555277','2026-05-01','2011-04-11',1000,'','2026-06-23 10:53:47','2026-06-23 10:53:47',NULL),('C01','Sanchit Narayan Sahoo','Junior','C','5th','VEMS','NIL','7702868710','7036070707','2026-03-01','2016-03-10',1000,'','2026-06-23 10:53:47','2026-06-23 10:53:47',NULL),('C02','Aditi Das','Junior','C','5th','KV -4','NIL','8939707723','9437306867','2026-03-01','2016-01-18',1000,'','2026-06-23 10:53:47','2026-06-23 10:53:47',NULL),('C03','Laxmi Priya Pradhan','Junior','C','5th','KV-4','NIL','8895759241','8249851395','2026-03-01','2015-09-09',1000,'','2026-06-23 10:53:47','2026-06-23 10:53:47',NULL),('C04','Ashrita Swain','Junior','C','5th','VEMS','NIL','9338620588','9937963213','2026-03-01','2016-04-29',1000,'','2026-06-23 10:53:47','2026-06-23 10:53:47',NULL),('C05','Shriyanshi Priyadarsini','Junior','C','5th','DAV','NIL','7609930620','8455885886','2026-03-01','2015-05-27',1000,'','2026-06-23 10:53:47','2026-06-23 10:53:47',NULL),('C06','Rudransh Sahoo','Junior','C','5th','SAI','NIL','9438016343','9556016343','2026-05-01','2015-07-23',1000,'','2026-06-23 10:53:47','2026-06-23 10:53:47',NULL),('C07','Shreyansh Kumar Yadav','Junior','C','4rd','KPS','NIL','9007019906','8100231780','2026-03-01','2017-04-07',1000,'','2026-06-23 10:53:47','2026-06-23 10:53:47',NULL),('C08','Subham Kumar Dalai','Junior','C','5th','DAV','NIL','NIL','9861823829','2026-03-01','2015-04-27',1000,'','2026-06-23 10:53:47','2026-06-23 10:53:47',NULL),('C09','Sahil Kumar Sahoo','Junior','C','5th','FBS','NIL','9937179958','9337194958','2026-03-01','2015-08-15',1000,'','2026-06-23 10:53:47','2026-06-23 10:53:47',NULL),('C10','Aaditri Sharma','Junior','C','4th','SAI','NIL','9853757076','8910652843','2026-04-01','2017-01-05',1000,'','2026-06-23 10:53:47','2026-06-23 10:53:47',NULL),('C11','Aayansh Bal','Junior','C','4th','ODM','8327708564','9439776338','8327708564','2026-04-01','2016-07-14',1000,'','2026-06-23 10:53:47','2026-06-23 10:53:47',NULL),('C12','Asmit Mishra','Junior','C','5th','DAV','9776904762','9776825844','7978807787','2026-04-01','2015-12-24',1000,'','2026-06-23 10:53:47','2026-06-23 10:53:47',NULL),('C13','Samit Sourav Sahoo','Junior','C','4th','DAV','NIL','8917249950','9337890260','2026-05-01','2017-02-12',1000,'','2026-06-23 10:53:47','2026-06-23 10:53:47',NULL),('C14','Shrihaan Das','Junior','C','4th','SAI','NIL','7022044945','7022044946','2026-05-01','2017-03-04',1000,'','2026-06-23 10:53:47','2026-06-23 10:53:47',NULL),('D01','Shreelagna Panda','Senior','D','9th','KIIT','NIL','8117026162','9438305171','2026-05-01','2012-04-02',1000,'','2026-06-23 10:53:47','2026-06-23 10:53:47',NULL),('D02','Samyak Sahoo','Senior','D','9th','ODM','NIL','9921486430','9834293272','2026-03-01','2012-01-06',1000,'','2026-06-23 10:53:47','2026-06-23 10:53:47',NULL),('D03','Shreeja Rout','Senior','D','9th','SAI','NIL','7978030575','7978862173','2026-03-01','2012-03-20',1000,'','2026-06-23 10:53:47','2026-06-23 10:53:47',NULL),('D04','Sonakshi Das','Senior','D','9th','SAI','NIL','9437058486','9937188889','2026-03-01','2011-12-26',1000,'','2026-06-23 10:53:47','2026-06-23 10:53:47',NULL),('E01','Aradhya Sahoo','Senior','E','8th','FBS','NIL','9930119687','9930119667','2026-04-01','2012-12-30',1000,'','2026-06-23 10:53:47','2026-06-23 10:53:47',NULL),('E02','Dibyansha Nayak','Senior','E','8th','FBS','NIL','9438037873','9853486966','2026-04-01','2013-12-18',1000,'','2026-06-23 10:53:47','2026-06-23 10:53:47',NULL),('E03','Jashith Bhuyan','Senior','E','7th','FBS','NIL','7008796059','9438559843','2026-04-01','2014-05-20',1000,'','2026-06-23 10:53:47','2026-06-23 10:53:47',NULL),('E04','Sai Subhalaxmi Behera','Senior','E','8th','FBS','NIL','9337074763','9937387073','2026-04-01','2014-06-27',1000,'','2026-06-23 10:53:47','2026-06-23 10:53:47',NULL),('E05','Bhagyalaxmi Prusty','Senior','E','8th','NETS','NIL','9040000520','6289374665','2026-01-04','2013-03-16',1000,'','2026-06-23 10:53:47','2026-06-23 10:53:47',NULL),('E06','Ishita Manna','Senior','E','7th','FBS','NIL','7735722963','8260781631','2026-01-04','2013-11-19',1000,'','2026-06-23 10:53:47','2026-06-23 10:53:47',NULL),('E07','Shambhavi Moharana','Senior','E','7th','KV','NIL','9439871117','6372133140','2026-04-01','2014-12-23',1000,'','2026-06-23 10:53:47','2026-06-23 10:53:47',NULL),('E08','Sahil Guru','Senior','E','8th','VEMS','NIL','9337829049','9777930249','2026-07-01','2013-12-17',1000,'','2026-06-23 10:53:47','2026-06-23 10:53:47',NULL),('F01','Aditya Soren','Junior','F','4th','KV-3','NIL','8074779654','6302889948','2026-03-01','2016-05-06',1000,'','2026-06-23 10:53:47','2026-06-23 10:53:47',NULL),('F02','Divya Debasish Sethy','Junior','F','4th','KV-3','NIL','8455969561','9777750366','2026-03-01','2016-10-15',1000,'','2026-06-23 10:53:47','2026-06-23 10:53:47',NULL),('F03','Avilipsa Sahoo','Junior','F','4th','KV-4','NIL','9861285739','7978231482','2026-03-01','2016-07-01',1000,'','2026-06-23 10:53:47','2026-06-23 10:53:47',NULL),('F04','Anwesha Sahoo','Junior','F','4th','KPS','NIL','9930119687','9930119667','2026-03-01',NULL,1000,'','2026-06-23 10:53:47','2026-06-23 10:53:47',NULL),('F05','Tapas Pahadsing','Junior','F','3th','DAV','NIL','9938598493','7609898287','2026-03-01','2016-08-24',1000,'','2026-06-23 10:53:47','2026-06-23 10:53:47',NULL),('F06','Karan Sahu','Junior','F','4th','KV-4','NIL','9861104669','8338043444','2026-03-01','2016-09-23',1000,'','2026-06-23 10:53:47','2026-06-23 10:53:47',NULL),('F07','Riyan Sahoo','Junior','F','4th','KIIT','7735339695','7325917387','9438731110','2026-03-01','2016-07-03',1000,'','2026-06-23 10:53:47','2026-06-23 10:53:47',NULL),('F08','Sushree Sanaya Rout','Junior','F','4th','ODM','NIL','9437492696','6372666450','2026-03-01','2017-03-01',1000,'','2026-06-23 10:53:47','2026-06-23 10:53:47',NULL),('F09','Adyasha Pradhan','Junior','F','4th','KV-3','NIL','7217832162','9337786670','2026-03-01','2016-08-29',1000,'','2026-06-23 10:53:47','2026-06-23 10:53:47',NULL),('F10','Birabhadra Das','Junior','F','4th','KV -3','NIL','9778621079','6371507919','2026-03-01','2016-06-24',1000,'','2026-06-23 10:53:47','2026-06-23 10:53:47',NULL),('F11','Saiansh Biswal','Junior','F','3rd','DAV','NIL','9658740246','7978448133','2026-03-01','2017-06-01',1000,'','2026-06-23 10:53:47','2026-06-23 10:53:47',NULL),('F12','Priyanshi Das','Junior','F','3rd','St.Xaviar','NIL','9658101514','8908138248','2026-03-01','2018-04-14',1000,'','2026-06-23 10:53:47','2026-06-23 10:53:47',NULL),('F13','Reyansh Nayak','Junior','F','4th','KV-4','NIL','7894025098','8895721165','2026-03-01','2017-01-12',1000,'','2026-06-23 10:53:47','2026-06-23 10:53:47',NULL),('F14','Saanvi Preyanshi','Junior','F','4th','SAI','8260302191','88260302191','8260302191','2026-04-01','2017-07-26',1000,'','2026-06-23 10:53:47','2026-06-23 10:53:47',NULL),('F15','Adhira Anaika','Junior','F','4th','SAI','7008646560','NIL','7008646560','2026-04-01','2017-09-15',1000,'','2026-06-23 10:53:47','2026-06-23 10:53:47',NULL),('F16','Nirmalya Panda','Junior','F','4th','FBS','8328913434','7656876267','8328913434','2026-04-01','2016-12-21',1000,'','2026-06-23 10:53:47','2026-06-23 10:53:47',NULL),('F17','Reeyansh Roshan','Junior','F','4th','Narayana','7978359408','NIL','9040525596','2026-04-01','2017-02-12',1000,'','2026-06-23 10:53:47','2026-06-23 10:53:47',NULL),('F18','Saswat Das','Junior','F','4th','FBS','NIL','9658245434','7377147015','2026-04-01','2017-07-11',1000,'','2026-06-23 10:53:47','2026-06-23 10:53:47',NULL),('F19','Dibyansh Pani','Junior','F','4th','DAV','NIL','9337274790','7809356466','2026-04-01','2017-01-20',1000,'','2026-06-23 10:53:47','2026-06-23 10:53:47',NULL),('F20','Samaaya Sahu','Junior','F','4th','SAI','NIL','9776981888','8249134452','2026-05-01','2016-10-14',1000,'','2026-06-23 10:53:47','2026-06-23 10:53:47',NULL),('G01','Sonakshi Ojha','Senior','G','10th','DAV','NIL','NIL','8018618170','2026-04-01','2010-10-29',1000,'','2026-06-23 10:53:47','2026-06-23 10:53:47',NULL),('G02','Samiksha Swain','Senior','G','10th','DAV','NIL','7327094010','9777588798','2026-04-01','2011-11-13',1000,'','2026-06-23 10:53:47','2026-06-23 10:53:47',NULL),('G03','Adyasha Mohanty','Senior','G','10th','DAV','7008831525','9861404370','9778109819','2026-04-01','2011-03-06',1000,'','2026-06-23 10:53:47','2026-06-23 10:53:47',NULL),('G04','Swadhin Sekhar Dalai','Senior','G','10th','DAV','7008003019','9438441662','9437115621','2026-04-01','2010-08-15',1000,'','2026-06-23 10:53:47','2026-06-23 10:53:47',NULL),('G05','Dibyanshi Mishra','Senior','G','10th','DAV','7853942686','9437286846','7008506526','2026-04-01','2011-07-10',1000,'','2026-06-23 10:53:47','2026-06-23 10:53:47',NULL),('G06','Krishendu Panda','Senior','G','10th','DAV','8260631940','9337319359','8327729799','2026-04-01','2011-09-24',1000,'','2026-06-23 10:53:47','2026-06-23 10:53:47',NULL),('H01','Ayush Majumdar','Senior','H','9th','NETS','NIL','9937952963','8328815559','2026-04-01','2013-02-22',1000,'','2026-06-23 10:53:47','2026-06-23 10:53:47',NULL),('H02','Baranbhavaya','Senior','H','9th','St.Xavier','NIL','9861280410','7978035002','2026-04-01','2012-11-02',1000,'','2026-06-23 10:53:47','2026-06-23 10:53:47',NULL),('H03','Bapun Das','Senior','H','9th','ODM','6371514311','NIL','7008676171','2026-04-01','2012-06-20',1000,'','2026-06-23 10:53:47','2026-06-23 10:53:47',NULL),('H04','Jyoti Prakash Nayak','Senior','H','9th','ODM','6290893638','8282807161','6291610033','2026-04-01','2012-09-04',1000,'','2026-06-23 10:53:47','2026-06-23 10:53:47',NULL),('I01','Sahil Jena','Senior','I','8th','ODM','NIL','7854006538','9937208606','2026-05-01','2012-04-25',1000,'','2026-06-23 10:53:47','2026-06-23 10:53:47',NULL),('I02','Benoy Bhabjeet','Senior','I','8th','PEMS','NIL','9437506467','9692683037','2026-04-01','2013-02-18',1000,'','2026-06-23 10:53:47','2026-06-23 10:53:47',NULL),('I04','Biswajit Behera','Senior','I','8th','DAV','NIL','8763325867','7848948408','2026-03-01','2012-10-03',1000,'','2026-06-23 10:53:47','2026-06-23 10:53:47',NULL),('I05','Jeet Mallick','Senior','I','8th','DAV','NIL','9938644042','8546887844','2026-03-01','2013-05-15',1000,'','2026-06-23 10:53:47','2026-06-23 10:53:47',NULL),('I06','Adyasha Gouda','Senior','I','8th','ODM','NIL','8894041327','7978901912','2026-04-01','2012-10-31',1000,'','2026-06-23 10:53:47','2026-06-23 10:53:47',NULL),('I07','Lipun Sethi','Senior','I','8th','ODM','NIL','9668670212','7205849537','2026-05-01',NULL,1000,'','2026-06-23 10:53:47','2026-06-23 10:53:47',NULL),('I08','Rituraj Sethi','Senior','I','8th','ODM','NIL','8895405847','9078492574','2026-05-01',NULL,1000,'','2026-06-23 10:53:47','2026-06-23 10:53:47',NULL),('J01','Bidisha Priyadarshni','Senior','J','7th','KV - 4','NIL','9678447260','9678447260','2026-03-01','2014-10-25',1000,'','2026-06-23 10:53:47','2026-06-23 10:53:47',NULL),('J02','Biswaswarup Patra','Senior','J','7th','VEMS','NIL','9348323490','8908792749','2026-03-01','2014-01-29',1000,'','2026-06-23 10:53:47','2026-06-23 10:53:47',NULL),('J03','Sai Subham Bhola','Senior','J','7th','VEMS','NIL','7008093280','8249106988','2026-03-01','2014-04-17',1000,'','2026-06-23 10:53:47','2026-06-23 10:53:47',NULL),('J04','Tanmay Jain','Senior','J','7th','DAV','NIL','7438804746','9337401170','2026-03-01','2014-05-22',1000,'','2026-06-23 10:53:47','2026-06-23 10:53:47',NULL),('J05','Pulak Sudam Murmu','Senior','J','7th','DAV','NIL','9438559328','8280000165','2026-03-01','2014-01-13',1000,'','2026-06-23 10:53:47','2026-06-23 10:53:47',NULL),('J06','Aravya Ayushman','Senior','J','7th','DAV','9827821112','7906301403','9437391951','2026-03-01','2013-10-04',1000,'','2026-06-23 10:53:47','2026-06-23 10:53:47',NULL),('J08','Sai Sourjit Lenka','Senior','J','7th','KV - 4','8917272914','8249704396','8917373914','2026-04-01','2014-05-22',1000,'','2026-06-23 10:53:47','2026-06-23 10:53:47',NULL),('J09','Swastic Ranjan Mallick','Senior','J','7th','KV - 4','7894235334','6372677323','7894235334','2026-04-01','2014-04-03',1000,'','2026-06-23 10:53:47','2026-06-23 10:53:47',NULL),('J10','Shreyansh Mishra','Senior','J','7th','FBS','NIL','9338225075','9338585048','2026-04-01','2013-12-16',1000,'','2026-06-23 10:53:47','2026-06-23 10:53:47',NULL),('J11','Brojesh Sahoo','Senior','J','7th','KV - 4','9937474504','9668704504','9937474504','2026-04-01','2013-10-12',1000,'','2026-06-23 10:53:47','2026-06-23 10:53:47',NULL),('J12','Bidwan Raj Pothal','Senior','J','7th','VEMS','9937967738','8112030300','9937967738','2026-04-01','2013-09-02',1000,'','2026-06-23 10:53:47','2026-06-23 10:53:47',NULL),('J14','Subhransu Subham','Senior','J','7th','VEMS','NIL','9861528289','6370835255','2026-04-01','2013-12-31',1000,'','2026-06-23 10:53:47','2026-06-23 10:53:47',NULL),('J15','Nirjhara Sahoo','Senior','J','7th','DAV','NIL','8917249950','9337890260','2026-05-01','2013-12-02',1000,'','2026-06-23 10:53:47','2026-06-23 10:53:47',NULL),('K01','Subhangi Samal','Junior','K','3rd','DAV','NIL','9090871840','6371081262','2026-04-01','2017-04-28',1000,'','2026-06-23 10:53:47','2026-06-23 10:53:47',NULL),('K02','Adyant Singh','Junior','K','3rd','DAV','NIL','9437922084','8895646083','2026-04-01','2017-12-14',1000,'','2026-06-23 10:53:47','2026-06-23 10:53:47',NULL),('K03','Sai Nishant Nayak','Junior','K','3rd','DAV','NIL','9861317634','9778163640','2026-04-01','2018-02-07',1000,'','2026-06-23 10:53:47','2026-06-23 10:53:47',NULL),('K04','Dibyansh Sahoo','Junior','K','2nd','ODM','7008986566','8249761028','7008986566','2026-04-01','2018-12-17',1000,'','2026-06-23 10:53:47','2026-06-23 10:53:47',NULL),('K05','Tanwesha Moharana','Junior','K','3rd','DAV','7008955925','9337217151','7008955925','2026-04-01','2017-08-11',1000,'','2026-06-23 10:53:47','2026-06-23 10:53:47',NULL),('K06','Lokesh Mahakud','Junior','K','3rd','KV-3','8349438235','8718915588','8349438235','2026-04-01','2017-05-24',1000,'','2026-06-23 10:53:47','2026-06-23 10:53:47',NULL),('K07','Priyanshu Prusti','Junior','K','3rd','DAV','NIL','9869755824','9967019033','2026-06-01','2017-07-04',1000,'','2026-06-23 10:53:47','2026-06-23 10:53:47',NULL),('K08','Prateek Prusti','Junior','K','3rd','DAV','NIL','9869755824','9967019033','2026-06-01','2017-07-04',1000,'','2026-06-23 10:53:47','2026-06-23 10:53:47',NULL),('K09','Baibhabi Priyadarshini Behera','Junior','K','3rd','SAI','NIL','9861078525','7008264179','2026-04-01','2018-02-22',1000,'','2026-06-23 10:53:47','2026-06-23 10:53:47',NULL),('K10','Aryan Pradhan','Junior','K','3rd','DAV','NIL','8917300620','9348227604','2026-06-01','2017-12-20',1000,'','2026-06-23 10:53:47','2026-06-23 10:53:47',NULL),('K11','Aradhya Jena','Junior','K','3rd','DAV','NIL','9078496328','7684875165','2026-07-01','2017-10-29',1000,'','2026-06-23 10:53:47','2026-06-23 10:53:47',NULL);
/*!40000 ALTER TABLE `students` ENABLE KEYS */;
/*!40103 SET TIME_ZONE=@OLD_TIME_ZONE */;

/*!40101 SET SQL_MODE=@OLD_SQL_MODE */;
/*!40014 SET FOREIGN_KEY_CHECKS=@OLD_FOREIGN_KEY_CHECKS */;
/*!40014 SET UNIQUE_CHECKS=@OLD_UNIQUE_CHECKS */;
/*!40101 SET CHARACTER_SET_CLIENT=@OLD_CHARACTER_SET_CLIENT */;
/*!40101 SET CHARACTER_SET_RESULTS=@OLD_CHARACTER_SET_RESULTS */;
/*!40101 SET COLLATION_CONNECTION=@OLD_COLLATION_CONNECTION */;
/*!40111 SET SQL_NOTES=@OLD_SQL_NOTES */;

-- Dump completed on 2026-06-23 14:23:52
